,type_id,id
mean,2.1818182,4.12634957E9
maximum,6.0,4.8832435E9
minimum,1.0,2.06009869E9
