,master_id,uri,uri150,width,height,type
mean,137161.89,,,525.4103,504.17947,
mean_length,,53.371796,57.371796,,,8.410256
maximum,527061.0,,,600.0,795.0,
minimum,5516.0,,,189.0,5.0,
