,track_id,anv,id,join_,name,role,tracks
mean,2108530.5,,62945.676,,,,
mean_length,,1.4418604,,0.25581396,14.232558,0.0,0.0
maximum,4586792.0,,194667.0,,,,
minimum,929666.0,,2714.0,,,,
