,city,au_lname,au_fname,phone,contract,zip,au_id,state,address
mean,7.521739,10.695652,11.0,10.391304,0.82608694,82796.39,11.0,1.5217391,10.434783
maximum,15.0,21.0,22.0,20.0,1.0,97330.0,22.0,7.0,20.0
minimum,0.0,0.0,0.0,0.0,0.0,20853.0,0.0,0.0,0.0
