,height,type,uri150,release_id,uri,width
mean,502.19803,,,422754.1,,534.2277
mean_length,,8.485148,56.851486,,52.851486,
maximum,848.0,,,827356.0,,600.0
minimum,193.0,,,9552.0,,189.0
