,num,title,class,annote,articleid,journal,loc,pages,note,month,year,vol
mean_length,0.73913044,57.739132,24.826086,114.95652,10.130435,39.782608,4.347826,3.9130435,0.0,2.0869565,3.652174,1.1304348
