,width,uri150,label_id,uri,type,height
mean,389.86145,,18468.006,,,288.16867
mean_length,,54.26506,,50.26506,8.554217,
maximum,600.0,,346838.0,,,698.0
minimum,80.0,,130.0,,,37.0
