,frequency,script,id,language
mean,0.0,28.272728,69.26263,231.91919
maximum,1.4E-45,31.0,141.0,464.0
minimum,0.0,11.0,1.0,9.0
