,hirange,royalty,lorange,title_id
mean,18732.559,15.232558,9454.303,6.9883723
maximum,50000.0,24.0,40001.0,15.0
minimum,1000.0,10.0,0.0,0.0
