,type_id,id
mean,3.625,4.190912E8
maximum,9.0,1.03588307E9
minimum,1.0,3.3095552E8
