,width,artist_id,uri150,uri,type,height
mean,376.53577,109183.82,,,,398.13144
mean_length,,,55.53078,51.53078,8.597338,
maximum,600.0,1845716.0,,,,899.0
minimum,100.0,161.0,,,,100.0
